<?xml version="1.0" encoding="UTF-8" ?>
<!DOCTYPE mapper
        PUBLIC "-//mybatis.org//DTD Mapper 3.0//EN"
        "http://mybatis.org/dtd/mybatis-3-mapper.dtd" >
<mapper namespace="com.example.demo.mapper.textMapper">
    <resultMap id="text" type="StudentInfo">
        <result property="studentId" column="student_id"/>
        <result property="studentName" column="student_name"/>
        <result property="studentHigh" column="student_high"/>
        <result property="studentWeight" column="student_weight"/>
    </resultMap>
    <select id="selectStudentInfo" resultMap="text">
        select * from student_info where student_id = #{id} and student_name = #{name}
    </select>
    <select id="selectStudentInfo1" parameterType="int" resultMap="text">
        select * from student_info where student_id= #{m}
    </select>
    <select id="selectStudentInfo3" resultMap="text">
        select * from student_info
    </select>
    <insert id="selectStudentInfo4" parameterType="StudentInfo">
        insert into student_info (student_id,student_name,student_high,student_weight,student_cloth,agell) values (#{studentId},#{studentName},#{studentHigh},#{studentWeight},#{studentCloth},#{agell} )
    </insert>
</mapper>